prize,description,sponsor
Grand Innovation Award,$100000 grant for groundbreaking technology solutions,Acme Foundation
Environmental Impact Prize,Recognition and $50000 for sustainable innovations,GreenTech Industries
Community Builder Award,Mentorship package and $25000 for social impact startups,Community First Coalition
Rising Star Grant,$15000 seed funding for early-stage entrepreneurs,Future Ventures
Healthcare Innovation Prize,$75000 and industry partnerships for medical advancements,MediCorp International
Education Technology Award,$30000 and product development support for EdTech solutions,LearnWell Institute
Accessibility Challenge,Recognition and $40000 for inclusive design solutions,Universal Design Alliance
Data Science Excellence,$35000 and compute resources for AI/ML innovations,DataDrive Technologies
Sustainable Energy Prize,$60000 grant for renewable energy breakthroughs,CleanPower Consortium
Urban Solutions Award,$45000 for innovations addressing city challenges,Metropolitan Development Fund
Global Resilience Prize,$80000 for disaster response technologies,Crisis Response Network
Women in STEM Scholarship,$20000 funding for women-led tech ventures,Women Forward Foundation
Circular Economy Challenge,$55000 for waste reduction innovations,Zero Waste Alliance
Digital Inclusion Award,$25000 for bridging the digital divide,Connect Everyone Initiative
Youth Innovation Award,$15000 for entrepreneurs under 25,Next Generation Fund
Space Technology Prize,$90000 for advancements in space exploration,Orbital Ventures
Quantum Computing Grant,$120000 for quantum computing research,Quantum Frontiers Institute
Water Conservation Award,$40000 for water-saving technologies,Blue Planet Foundation
Agriculture Innovation Prize,$45000 for sustainable farming solutions,Future Farming Collective
Manufacturing Excellence,$60000 for smart manufacturing innovations,Advanced Manufacturing Consortium
Fintech Disruption Award,$50000 for financial technology breakthroughs,Financial Innovation Group
Cybersecurity Challenge,$65000 for novel security solutions,Digital Defense Alliance
Transportation Prize,$70000 for sustainable mobility innovations,Mobility Future Fund
Public Health Award,$55000 for community health initiatives,Healthy Communities Foundation
Longevity Research Grant,$85000 for aging-related innovations,Lifespan Extension Society
Creative Arts Technology,$30000 for intersection of arts and technology,Creative Futures Initiative
Humanitarian Tech Prize,$60000 for technologies addressing human suffering,Global Relief Foundation
Climate Action Award,$75000 for climate change mitigation,Climate Solutions Collaborative
Blockchain Innovation,$45000 for distributed ledger applications,Distributed Systems Consortium
Robotics Challenge,$65000 for advances in robotics and automation,Automation Technologies Alliance
Open Source Champion,$35000 for significant open source contributions,Free Software Foundation
Marine Conservation Prize,$50000 for ocean protection technologies,Blue Horizon Institute
Neural Interface Award,$95000 for brain-computer interface research,Neural Connections Institute
Emerging Materials Prize,$70000 for novel materials science breakthroughs,Advanced Materials Institute
Biomimicry Challenge,$40000 for nature-inspired design solutions,Natural Design Collaborative
Sustainable Fashion Award,$25000 for innovations in ethical fashion,Conscious Style Coalition
Food Security Prize,$55000 for addressing hunger and nutrition,Global Food Alliance
Privacy Tech Award,$60000 for user privacy protection innovations,Digital Rights Foundation
Arctic Research Grant,$80000 for polar science and conservation,Arctic Preservation Trust
Inclusive Design Prize,$35000 for universal accessibility solutions,Design For All Initiative
